Unidade;Data;Quantidade;Conteúdo;Formato
1;;2;"Apresentação da disciplina, objetivos, metodologia e critérios de avaliação; Elementos da Teoria: visão geral da Teoria Geral dos Sistemas — Explicitar os 3 instrumentos avaliativos da unidade.";Presencial
1;;2;"Histórico da Teoria Geral dos Sistemas; Conceitos de sistema, subsistema, ambiente, fronteira, entrada e saída";Presencial
1;;2;"Aplicações da abordagem sistêmica em informática; O processo de desenvolvimento de software: visão geral";Presencial
1;;2;"Desenvolvimento de software e suas etapas; Ciclo de vida de software";Presencial
1;;2;"Modelos de desenvolvimento de software: introdução; AVALIAÇÃO 1 - atividade individual/grupo sobre TGS e processo de software — Instrumento 1: atividade aplicada / estudo de caso. 1ª de 3 aulas avaliativas da Unidade 1.";Presencial
1;;2;"Modelo cascata e modelos incrementais/evolutivos; Unified Modeling Language (UML): finalidade e visão geral";Presencial
1;;2;"UML como linguagem de modelagem; Fases de concepção de um sistema";Presencial
1;;2;"Levantamento de necessidades dos usuários; Técnicas de levantamento de requisitos";Presencial
1;;2;"Requisitos do sistema: funcionais e não funcionais; AVALIAÇÃO 2 - avaliação escrita/dissertativa — Instrumento 2: avaliação escrita/dissertativa. 2ª de 3 aulas avaliativas da Unidade 1.";Presencial
1;;2;"Especificação e validação de requisitos; Casos de uso: conceito, ator e objetivo — Retomada dos pontos de maior dificuldade.";Presencial
1;;2;"Casos de uso: identificação e descrição; Diagrama de casos de uso";Presencial
1;;2;"Relações em casos de uso e refinamento do modelo; Preparação do seminário/produto da unidade";Presencial
1;;2;"AVALIAÇÃO 3 - seminário/apresentação de modelagem de requisitos; Feedback, retomada e consolidação da Unidade 1 — Instrumento 3: seminário/apresentação. 3ª de 3 aulas avaliativas da Unidade 1. Aula destinada à retomada após os três instrumentos.";Presencial
